[
  {
    "name": "accepte",
    "version": "1.0",
    "registrar": "0xe65d8AAF34CB91087D1598e0A15B582F57F217d9"
  },
  {
    "name": "asksfor",
    "version": "1.0",
    "registrar": "0xe65d8AAF34CB91087D1598e0A15B582F57F217d9"
  },
  {
    "name": "atethereum",
    "version": "1.0",
    "registrar": "0xe65d8AAF34CB91087D1598e0A15B582F57F217d9"
  },
  {
    "name": "atpeepeth",
    "version": "1.0",
    "registrar": "0xe65d8AAF34CB91087D1598e0A15B582F57F217d9"
  },
  {
    "name": "begsfor",
    "version": "1.0",
    "registrar": "0xe65d8AAF34CB91087D1598e0A15B582F57F217d9"
  },
  {
    "name": "blockchaincontracts",
    "version": "1.0",
    "registrar": "0xe65d8AAF34CB91087D1598e0A15B582F57F217d9"
  },
  {
    "name": "britishblockchain",
    "version": "1.0",
    "registrar": "0xe65d8AAF34CB91087D1598e0A15B582F57F217d9"
  },
  {
    "name": "blockchainboss",
    "version": "1.0",
    "registrar": "0xe65d8AAF34CB91087D1598e0A15B582F57F217d9"
  },
  {
    "name": "buymeatesla",
    "version": "1.0",
    "registrar": "0xe65d8AAF34CB91087D1598e0A15B582F57F217d9"
  },
  {
    "name": "chainlinknode",
    "version": "1.0",
    "registrar": "0xe65d8AAF34CB91087D1598e0A15B582F57F217d9"
  },
  {
    "name": "codeinecrazy",
    "version": "1.0",
    "registrar": "0xe65d8AAF34CB91087D1598e0A15B582F57F217d9"
  },
  {
    "name": "cryptoking",
    "version": "1.0",
    "registrar": "0xe65d8AAF34CB91087D1598e0A15B582F57F217d9"
  },
  {
    "name": "deserves",
    "version": "1.0",
    "registrar": "0xe65d8AAF34CB91087D1598e0A15B582F57F217d9"
  },
  {
    "name": "eth-gbg",
    "version": "1.0",
    "registrar": "0xe65d8AAF34CB91087D1598e0A15B582F57F217d9"
  },
  {
    "name": "etherbase",
    "version": "1.0",
    "registrar": "0xe65d8AAF34CB91087D1598e0A15B582F57F217d9"
  },
  {
    "name": "gimmethe",
    "version": "1.0",
    "registrar": "0xe65d8AAF34CB91087D1598e0A15B582F57F217d9"
  },
  {
    "name": "paynonym",
    "version": "1.0",
    "registrar": "0xe65d8AAF34CB91087D1598e0A15B582F57F217d9"
  },
  {
    "name": "sendmecrypto",
    "version": "1.0",
    "registrar": "0xe65d8AAF34CB91087D1598e0A15B582F57F217d9"
  },
  {
    "name": "mollypercocet",
    "version": "1.0",
    "registrar": "0xe65d8AAF34CB91087D1598e0A15B582F57F217d9"
  },
  {
    "name": "thecryptogirl",
    "version": "1.0",
    "registrar": "0xe65d8AAF34CB91087D1598e0A15B582F57F217d9"
  },
  {
    "name": "thecryptoguy",
    "version": "1.0",
    "registrar": "0xe65d8AAF34CB91087D1598e0A15B582F57F217d9"
  },
  {
    "name": "tokenid",
    "version": "1.0",
    "registrar": "0xe65d8AAF34CB91087D1598e0A15B582F57F217d9"
  },
  {
    "name": "trustsnobank",
    "version": "1.0",
    "registrar": "0xe65d8AAF34CB91087D1598e0A15B582F57F217d9"
  },
  {
    "name": "wantsome",
    "version": "1.0",
    "registrar": "0xe65d8AAF34CB91087D1598e0A15B582F57F217d9"
  },
  {
    "name": "xannyfamily",
    "version": "1.0",
    "registrar": "0xe65d8AAF34CB91087D1598e0A15B582F57F217d9"
  }
]
