[{"name":"akroma","path":"dist/contracts/akroma","sha":"f2d59644a1cdea5e8f55462f12fcc2c4a6954c0d","size":0,"url":"https://api.github.com/repos/MyEtherWallet/ethereum-lists/contents/dist/contracts/akroma?ref=master","html_url":"https://github.com/MyEtherWallet/ethereum-lists/tree/master/dist/contracts/akroma","git_url":"https://api.github.com/repos/MyEtherWallet/ethereum-lists/git/trees/f2d59644a1cdea5e8f55462f12fcc2c4a6954c0d","download_url":null,"type":"dir","_links":{"self":"https://api.github.com/repos/MyEtherWallet/ethereum-lists/contents/dist/contracts/akroma?ref=master","git":"https://api.github.com/repos/MyEtherWallet/ethereum-lists/git/trees/f2d59644a1cdea5e8f55462f12fcc2c4a6954c0d","html":"https://github.com/MyEtherWallet/ethereum-lists/tree/master/dist/contracts/akroma"}},{"name":"ath","path":"dist/contracts/ath","sha":"b70b68a15b89e95441802fe0e3ea5f0f455c00e4","size":0,"url":"https://api.github.com/repos/MyEtherWallet/ethereum-lists/contents/dist/contracts/ath?ref=master","html_url":"https://github.com/MyEtherWallet/ethereum-lists/tree/master/dist/contracts/ath","git_url":"https://api.github.com/repos/MyEtherWallet/ethereum-lists/git/trees/b70b68a15b89e95441802fe0e3ea5f0f455c00e4","download_url":null,"type":"dir","_links":{"self":"https://api.github.com/repos/MyEtherWallet/ethereum-lists/contents/dist/contracts/ath?ref=master","git":"https://api.github.com/repos/MyEtherWallet/ethereum-lists/git/trees/b70b68a15b89e95441802fe0e3ea5f0f455c00e4","html":"https://github.com/MyEtherWallet/ethereum-lists/tree/master/dist/contracts/ath"}},{"name":"clo","path":"dist/contracts/clo","sha":"287303da66e197ea88e6e47d8d744250385dd923","size":0,"url":"https://api.github.com/repos/MyEtherWallet/ethereum-lists/contents/dist/contracts/clo?ref=master","html_url":"https://github.com/MyEtherWallet/ethereum-lists/tree/master/dist/contracts/clo","git_url":"https://api.github.com/repos/MyEtherWallet/ethereum-lists/git/trees/287303da66e197ea88e6e47d8d744250385dd923","download_url":null,"type":"dir","_links":{"self":"https://api.github.com/repos/MyEtherWallet/ethereum-lists/contents/dist/contracts/clo?ref=master","git":"https://api.github.com/repos/MyEtherWallet/ethereum-lists/git/trees/287303da66e197ea88e6e47d8d744250385dd923","html":"https://github.com/MyEtherWallet/ethereum-lists/tree/master/dist/contracts/clo"}},{"name":"egem","path":"dist/contracts/egem","sha":"c8c11c8030db786d2f74124226bafcfdb0e4361b","size":0,"url":"https://api.github.com/repos/MyEtherWallet/ethereum-lists/contents/dist/contracts/egem?ref=master","html_url":"https://github.com/MyEtherWallet/ethereum-lists/tree/master/dist/contracts/egem","git_url":"https://api.github.com/repos/MyEtherWallet/ethereum-lists/git/trees/c8c11c8030db786d2f74124226bafcfdb0e4361b","download_url":null,"type":"dir","_links":{"self":"https://api.github.com/repos/MyEtherWallet/ethereum-lists/contents/dist/contracts/egem?ref=master","git":"https://api.github.com/repos/MyEtherWallet/ethereum-lists/git/trees/c8c11c8030db786d2f74124226bafcfdb0e4361b","html":"https://github.com/MyEtherWallet/ethereum-lists/tree/master/dist/contracts/egem"}},{"name":"ella","path":"dist/contracts/ella","sha":"92f0b3c1d7ba9ce66091e1c96d5597b35374e2eb","size":0,"url":"https://api.github.com/repos/MyEtherWallet/ethereum-lists/contents/dist/contracts/ella?ref=master","html_url":"https://github.com/MyEtherWallet/ethereum-lists/tree/master/dist/contracts/ella","git_url":"https://api.github.com/repos/MyEtherWallet/ethereum-lists/git/trees/92f0b3c1d7ba9ce66091e1c96d5597b35374e2eb","download_url":null,"type":"dir","_links":{"self":"https://api.github.com/repos/MyEtherWallet/ethereum-lists/contents/dist/contracts/ella?ref=master","git":"https://api.github.com/repos/MyEtherWallet/ethereum-lists/git/trees/92f0b3c1d7ba9ce66091e1c96d5597b35374e2eb","html":"https://github.com/MyEtherWallet/ethereum-lists/tree/master/dist/contracts/ella"}},{"name":"ere","path":"dist/contracts/ere","sha":"dea6ecee78707655e61e5ebeb8c579a591adf508","size":0,"url":"https://api.github.com/repos/MyEtherWallet/ethereum-lists/contents/dist/contracts/ere?ref=master","html_url":"https://github.com/MyEtherWallet/ethereum-lists/tree/master/dist/contracts/ere","git_url":"https://api.github.com/repos/MyEtherWallet/ethereum-lists/git/trees/dea6ecee78707655e61e5ebeb8c579a591adf508","download_url":null,"type":"dir","_links":{"self":"https://api.github.com/repos/MyEtherWallet/ethereum-lists/contents/dist/contracts/ere?ref=master","git":"https://api.github.com/repos/MyEtherWallet/ethereum-lists/git/trees/dea6ecee78707655e61e5ebeb8c579a591adf508","html":"https://github.com/MyEtherWallet/ethereum-lists/tree/master/dist/contracts/ere"}},{"name":"esn","path":"dist/contracts/esn","sha":"27186821d4fbe99d0b59ce9e8994fe2dfa030393","size":0,"url":"https://api.github.com/repos/MyEtherWallet/ethereum-lists/contents/dist/contracts/esn?ref=master","html_url":"https://github.com/MyEtherWallet/ethereum-lists/tree/master/dist/contracts/esn","git_url":"https://api.github.com/repos/MyEtherWallet/ethereum-lists/git/trees/27186821d4fbe99d0b59ce9e8994fe2dfa030393","download_url":null,"type":"dir","_links":{"self":"https://api.github.com/repos/MyEtherWallet/ethereum-lists/contents/dist/contracts/esn?ref=master","git":"https://api.github.com/repos/MyEtherWallet/ethereum-lists/git/trees/27186821d4fbe99d0b59ce9e8994fe2dfa030393","html":"https://github.com/MyEtherWallet/ethereum-lists/tree/master/dist/contracts/esn"}},{"name":"etc","path":"dist/contracts/etc","sha":"842c0501ed2c3e42f3ae619a24f98dc2c4458535","size":0,"url":"https://api.github.com/repos/MyEtherWallet/ethereum-lists/contents/dist/contracts/etc?ref=master","html_url":"https://github.com/MyEtherWallet/ethereum-lists/tree/master/dist/contracts/etc","git_url":"https://api.github.com/repos/MyEtherWallet/ethereum-lists/git/trees/842c0501ed2c3e42f3ae619a24f98dc2c4458535","download_url":null,"type":"dir","_links":{"self":"https://api.github.com/repos/MyEtherWallet/ethereum-lists/contents/dist/contracts/etc?ref=master","git":"https://api.github.com/repos/MyEtherWallet/ethereum-lists/git/trees/842c0501ed2c3e42f3ae619a24f98dc2c4458535","html":"https://github.com/MyEtherWallet/ethereum-lists/tree/master/dist/contracts/etc"}},{"name":"eth","path":"dist/contracts/eth","sha":"58364b4912358e244991b6217d63ac7d9e296934","size":0,"url":"https://api.github.com/repos/MyEtherWallet/ethereum-lists/contents/dist/contracts/eth?ref=master","html_url":"https://github.com/MyEtherWallet/ethereum-lists/tree/master/dist/contracts/eth","git_url":"https://api.github.com/repos/MyEtherWallet/ethereum-lists/git/trees/58364b4912358e244991b6217d63ac7d9e296934","download_url":null,"type":"dir","_links":{"self":"https://api.github.com/repos/MyEtherWallet/ethereum-lists/contents/dist/contracts/eth?ref=master","git":"https://api.github.com/repos/MyEtherWallet/ethereum-lists/git/trees/58364b4912358e244991b6217d63ac7d9e296934","html":"https://github.com/MyEtherWallet/ethereum-lists/tree/master/dist/contracts/eth"}},{"name":"etho","path":"dist/contracts/etho","sha":"20a515e162bcba8af16e48a555603c2c973de082","size":0,"url":"https://api.github.com/repos/MyEtherWallet/ethereum-lists/contents/dist/contracts/etho?ref=master","html_url":"https://github.com/MyEtherWallet/ethereum-lists/tree/master/dist/contracts/etho","git_url":"https://api.github.com/repos/MyEtherWallet/ethereum-lists/git/trees/20a515e162bcba8af16e48a555603c2c973de082","download_url":null,"type":"dir","_links":{"self":"https://api.github.com/repos/MyEtherWallet/ethereum-lists/contents/dist/contracts/etho?ref=master","git":"https://api.github.com/repos/MyEtherWallet/ethereum-lists/git/trees/20a515e162bcba8af16e48a555603c2c973de082","html":"https://github.com/MyEtherWallet/ethereum-lists/tree/master/dist/contracts/etho"}},{"name":"etsc","path":"dist/contracts/etsc","sha":"0206748f3b78b2615e7e2f633cff0ad379e52fef","size":0,"url":"https://api.github.com/repos/MyEtherWallet/ethereum-lists/contents/dist/contracts/etsc?ref=master","html_url":"https://github.com/MyEtherWallet/ethereum-lists/tree/master/dist/contracts/etsc","git_url":"https://api.github.com/repos/MyEtherWallet/ethereum-lists/git/trees/0206748f3b78b2615e7e2f633cff0ad379e52fef","download_url":null,"type":"dir","_links":{"self":"https://api.github.com/repos/MyEtherWallet/ethereum-lists/contents/dist/contracts/etsc?ref=master","git":"https://api.github.com/repos/MyEtherWallet/ethereum-lists/git/trees/0206748f3b78b2615e7e2f633cff0ad379e52fef","html":"https://github.com/MyEtherWallet/ethereum-lists/tree/master/dist/contracts/etsc"}},{"name":"ewt","path":"dist/contracts/ewt","sha":"e2e31da553147cac75d511f8b869dcbaf3afa96b","size":0,"url":"https://api.github.com/repos/MyEtherWallet/ethereum-lists/contents/dist/contracts/ewt?ref=master","html_url":"https://github.com/MyEtherWallet/ethereum-lists/tree/master/dist/contracts/ewt","git_url":"https://api.github.com/repos/MyEtherWallet/ethereum-lists/git/trees/e2e31da553147cac75d511f8b869dcbaf3afa96b","download_url":null,"type":"dir","_links":{"self":"https://api.github.com/repos/MyEtherWallet/ethereum-lists/contents/dist/contracts/ewt?ref=master","git":"https://api.github.com/repos/MyEtherWallet/ethereum-lists/git/trees/e2e31da553147cac75d511f8b869dcbaf3afa96b","html":"https://github.com/MyEtherWallet/ethereum-lists/tree/master/dist/contracts/ewt"}},{"name":"exp","path":"dist/contracts/exp","sha":"bbfffd2a1fb5524fd869343aa099a8cd29592023","size":0,"url":"https://api.github.com/repos/MyEtherWallet/ethereum-lists/contents/dist/contracts/exp?ref=master","html_url":"https://github.com/MyEtherWallet/ethereum-lists/tree/master/dist/contracts/exp","git_url":"https://api.github.com/repos/MyEtherWallet/ethereum-lists/git/trees/bbfffd2a1fb5524fd869343aa099a8cd29592023","download_url":null,"type":"dir","_links":{"self":"https://api.github.com/repos/MyEtherWallet/ethereum-lists/contents/dist/contracts/exp?ref=master","git":"https://api.github.com/repos/MyEtherWallet/ethereum-lists/git/trees/bbfffd2a1fb5524fd869343aa099a8cd29592023","html":"https://github.com/MyEtherWallet/ethereum-lists/tree/master/dist/contracts/exp"}},{"name":"ftm","path":"dist/contracts/ftm","sha":"0b8eed7ad8bfdce372a2dc1708056146bae4cac2","size":0,"url":"https://api.github.com/repos/MyEtherWallet/ethereum-lists/contents/dist/contracts/ftm?ref=master","html_url":"https://github.com/MyEtherWallet/ethereum-lists/tree/master/dist/contracts/ftm","git_url":"https://api.github.com/repos/MyEtherWallet/ethereum-lists/git/trees/0b8eed7ad8bfdce372a2dc1708056146bae4cac2","download_url":null,"type":"dir","_links":{"self":"https://api.github.com/repos/MyEtherWallet/ethereum-lists/contents/dist/contracts/ftm?ref=master","git":"https://api.github.com/repos/MyEtherWallet/ethereum-lists/git/trees/0b8eed7ad8bfdce372a2dc1708056146bae4cac2","html":"https://github.com/MyEtherWallet/ethereum-lists/tree/master/dist/contracts/ftm"}},{"name":"go","path":"dist/contracts/go","sha":"8923cc5f674cc1661e8f41b36de44dfd186e4b8c","size":0,"url":"https://api.github.com/repos/MyEtherWallet/ethereum-lists/contents/dist/contracts/go?ref=master","html_url":"https://github.com/MyEtherWallet/ethereum-lists/tree/master/dist/contracts/go","git_url":"https://api.github.com/repos/MyEtherWallet/ethereum-lists/git/trees/8923cc5f674cc1661e8f41b36de44dfd186e4b8c","download_url":null,"type":"dir","_links":{"self":"https://api.github.com/repos/MyEtherWallet/ethereum-lists/contents/dist/contracts/go?ref=master","git":"https://api.github.com/repos/MyEtherWallet/ethereum-lists/git/trees/8923cc5f674cc1661e8f41b36de44dfd186e4b8c","html":"https://github.com/MyEtherWallet/ethereum-lists/tree/master/dist/contracts/go"}},{"name":"goerli","path":"dist/contracts/goerli","sha":"7f25706eb2e179b2c1c23db08ede7f29a64133c6","size":0,"url":"https://api.github.com/repos/MyEtherWallet/ethereum-lists/contents/dist/contracts/goerli?ref=master","html_url":"https://github.com/MyEtherWallet/ethereum-lists/tree/master/dist/contracts/goerli","git_url":"https://api.github.com/repos/MyEtherWallet/ethereum-lists/git/trees/7f25706eb2e179b2c1c23db08ede7f29a64133c6","download_url":null,"type":"dir","_links":{"self":"https://api.github.com/repos/MyEtherWallet/ethereum-lists/contents/dist/contracts/goerli?ref=master","git":"https://api.github.com/repos/MyEtherWallet/ethereum-lists/git/trees/7f25706eb2e179b2c1c23db08ede7f29a64133c6","html":"https://github.com/MyEtherWallet/ethereum-lists/tree/master/dist/contracts/goerli"}},{"name":"iolite","path":"dist/contracts/iolite","sha":"7c19a499797502d03e05a270380959dde01cf805","size":0,"url":"https://api.github.com/repos/MyEtherWallet/ethereum-lists/contents/dist/contracts/iolite?ref=master","html_url":"https://github.com/MyEtherWallet/ethereum-lists/tree/master/dist/contracts/iolite","git_url":"https://api.github.com/repos/MyEtherWallet/ethereum-lists/git/trees/7c19a499797502d03e05a270380959dde01cf805","download_url":null,"type":"dir","_links":{"self":"https://api.github.com/repos/MyEtherWallet/ethereum-lists/contents/dist/contracts/iolite?ref=master","git":"https://api.github.com/repos/MyEtherWallet/ethereum-lists/git/trees/7c19a499797502d03e05a270380959dde01cf805","html":"https://github.com/MyEtherWallet/ethereum-lists/tree/master/dist/contracts/iolite"}},{"name":"kov","path":"dist/contracts/kov","sha":"986740450a1d6656978933519c6a93c5fd02604b","size":0,"url":"https://api.github.com/repos/MyEtherWallet/ethereum-lists/contents/dist/contracts/kov?ref=master","html_url":"https://github.com/MyEtherWallet/ethereum-lists/tree/master/dist/contracts/kov","git_url":"https://api.github.com/repos/MyEtherWallet/ethereum-lists/git/trees/986740450a1d6656978933519c6a93c5fd02604b","download_url":null,"type":"dir","_links":{"self":"https://api.github.com/repos/MyEtherWallet/ethereum-lists/contents/dist/contracts/kov?ref=master","git":"https://api.github.com/repos/MyEtherWallet/ethereum-lists/git/trees/986740450a1d6656978933519c6a93c5fd02604b","html":"https://github.com/MyEtherWallet/ethereum-lists/tree/master/dist/contracts/kov"}},{"name":"mintme","path":"dist/contracts/mintme","sha":"bf56902ad78f93c587185268345d5186d03324de","size":0,"url":"https://api.github.com/repos/MyEtherWallet/ethereum-lists/contents/dist/contracts/mintme?ref=master","html_url":"https://github.com/MyEtherWallet/ethereum-lists/tree/master/dist/contracts/mintme","git_url":"https://api.github.com/repos/MyEtherWallet/ethereum-lists/git/trees/bf56902ad78f93c587185268345d5186d03324de","download_url":null,"type":"dir","_links":{"self":"https://api.github.com/repos/MyEtherWallet/ethereum-lists/contents/dist/contracts/mintme?ref=master","git":"https://api.github.com/repos/MyEtherWallet/ethereum-lists/git/trees/bf56902ad78f93c587185268345d5186d03324de","html":"https://github.com/MyEtherWallet/ethereum-lists/tree/master/dist/contracts/mintme"}},{"name":"mix","path":"dist/contracts/mix","sha":"829e874ffbb5f6a6b6bae613ec54acbd05a4e6ba","size":0,"url":"https://api.github.com/repos/MyEtherWallet/ethereum-lists/contents/dist/contracts/mix?ref=master","html_url":"https://github.com/MyEtherWallet/ethereum-lists/tree/master/dist/contracts/mix","git_url":"https://api.github.com/repos/MyEtherWallet/ethereum-lists/git/trees/829e874ffbb5f6a6b6bae613ec54acbd05a4e6ba","download_url":null,"type":"dir","_links":{"self":"https://api.github.com/repos/MyEtherWallet/ethereum-lists/contents/dist/contracts/mix?ref=master","git":"https://api.github.com/repos/MyEtherWallet/ethereum-lists/git/trees/829e874ffbb5f6a6b6bae613ec54acbd05a4e6ba","html":"https://github.com/MyEtherWallet/ethereum-lists/tree/master/dist/contracts/mix"}},{"name":"music","path":"dist/contracts/music","sha":"234efb54e981a1f8e4830bf4e1ee28a1622281a5","size":0,"url":"https://api.github.com/repos/MyEtherWallet/ethereum-lists/contents/dist/contracts/music?ref=master","html_url":"https://github.com/MyEtherWallet/ethereum-lists/tree/master/dist/contracts/music","git_url":"https://api.github.com/repos/MyEtherWallet/ethereum-lists/git/trees/234efb54e981a1f8e4830bf4e1ee28a1622281a5","download_url":null,"type":"dir","_links":{"self":"https://api.github.com/repos/MyEtherWallet/ethereum-lists/contents/dist/contracts/music?ref=master","git":"https://api.github.com/repos/MyEtherWallet/ethereum-lists/git/trees/234efb54e981a1f8e4830bf4e1ee28a1622281a5","html":"https://github.com/MyEtherWallet/ethereum-lists/tree/master/dist/contracts/music"}},{"name":"pirl","path":"dist/contracts/pirl","sha":"f10b6ce47e1219e2e3ca1558243302e079e9901c","size":0,"url":"https://api.github.com/repos/MyEtherWallet/ethereum-lists/contents/dist/contracts/pirl?ref=master","html_url":"https://github.com/MyEtherWallet/ethereum-lists/tree/master/dist/contracts/pirl","git_url":"https://api.github.com/repos/MyEtherWallet/ethereum-lists/git/trees/f10b6ce47e1219e2e3ca1558243302e079e9901c","download_url":null,"type":"dir","_links":{"self":"https://api.github.com/repos/MyEtherWallet/ethereum-lists/contents/dist/contracts/pirl?ref=master","git":"https://api.github.com/repos/MyEtherWallet/ethereum-lists/git/trees/f10b6ce47e1219e2e3ca1558243302e079e9901c","html":"https://github.com/MyEtherWallet/ethereum-lists/tree/master/dist/contracts/pirl"}},{"name":"poa","path":"dist/contracts/poa","sha":"d20cd61eaf28649b534e7e71bd3822f168416dd0","size":0,"url":"https://api.github.com/repos/MyEtherWallet/ethereum-lists/contents/dist/contracts/poa?ref=master","html_url":"https://github.com/MyEtherWallet/ethereum-lists/tree/master/dist/contracts/poa","git_url":"https://api.github.com/repos/MyEtherWallet/ethereum-lists/git/trees/d20cd61eaf28649b534e7e71bd3822f168416dd0","download_url":null,"type":"dir","_links":{"self":"https://api.github.com/repos/MyEtherWallet/ethereum-lists/contents/dist/contracts/poa?ref=master","git":"https://api.github.com/repos/MyEtherWallet/ethereum-lists/git/trees/d20cd61eaf28649b534e7e71bd3822f168416dd0","html":"https://github.com/MyEtherWallet/ethereum-lists/tree/master/dist/contracts/poa"}},{"name":"reosc","path":"dist/contracts/reosc","sha":"5908b8b2d21adf46a1a59ecb61d65bf5930424b1","size":0,"url":"https://api.github.com/repos/MyEtherWallet/ethereum-lists/contents/dist/contracts/reosc?ref=master","html_url":"https://github.com/MyEtherWallet/ethereum-lists/tree/master/dist/contracts/reosc","git_url":"https://api.github.com/repos/MyEtherWallet/ethereum-lists/git/trees/5908b8b2d21adf46a1a59ecb61d65bf5930424b1","download_url":null,"type":"dir","_links":{"self":"https://api.github.com/repos/MyEtherWallet/ethereum-lists/contents/dist/contracts/reosc?ref=master","git":"https://api.github.com/repos/MyEtherWallet/ethereum-lists/git/trees/5908b8b2d21adf46a1a59ecb61d65bf5930424b1","html":"https://github.com/MyEtherWallet/ethereum-lists/tree/master/dist/contracts/reosc"}},{"name":"rin","path":"dist/contracts/rin","sha":"dd01ea33f59e7fe12cd1652a5391ad97c86a9963","size":0,"url":"https://api.github.com/repos/MyEtherWallet/ethereum-lists/contents/dist/contracts/rin?ref=master","html_url":"https://github.com/MyEtherWallet/ethereum-lists/tree/master/dist/contracts/rin","git_url":"https://api.github.com/repos/MyEtherWallet/ethereum-lists/git/trees/dd01ea33f59e7fe12cd1652a5391ad97c86a9963","download_url":null,"type":"dir","_links":{"self":"https://api.github.com/repos/MyEtherWallet/ethereum-lists/contents/dist/contracts/rin?ref=master","git":"https://api.github.com/repos/MyEtherWallet/ethereum-lists/git/trees/dd01ea33f59e7fe12cd1652a5391ad97c86a9963","html":"https://github.com/MyEtherWallet/ethereum-lists/tree/master/dist/contracts/rin"}},{"name":"rop","path":"dist/contracts/rop","sha":"506a952847088c83999b6d716bd0a0638f895246","size":0,"url":"https://api.github.com/repos/MyEtherWallet/ethereum-lists/contents/dist/contracts/rop?ref=master","html_url":"https://github.com/MyEtherWallet/ethereum-lists/tree/master/dist/contracts/rop","git_url":"https://api.github.com/repos/MyEtherWallet/ethereum-lists/git/trees/506a952847088c83999b6d716bd0a0638f895246","download_url":null,"type":"dir","_links":{"self":"https://api.github.com/repos/MyEtherWallet/ethereum-lists/contents/dist/contracts/rop?ref=master","git":"https://api.github.com/repos/MyEtherWallet/ethereum-lists/git/trees/506a952847088c83999b6d716bd0a0638f895246","html":"https://github.com/MyEtherWallet/ethereum-lists/tree/master/dist/contracts/rop"}},{"name":"rsk-test","path":"dist/contracts/rsk-test","sha":"92ec0da1169b354f49589e85bda078d80b1d82bd","size":0,"url":"https://api.github.com/repos/MyEtherWallet/ethereum-lists/contents/dist/contracts/rsk-test?ref=master","html_url":"https://github.com/MyEtherWallet/ethereum-lists/tree/master/dist/contracts/rsk-test","git_url":"https://api.github.com/repos/MyEtherWallet/ethereum-lists/git/trees/92ec0da1169b354f49589e85bda078d80b1d82bd","download_url":null,"type":"dir","_links":{"self":"https://api.github.com/repos/MyEtherWallet/ethereum-lists/contents/dist/contracts/rsk-test?ref=master","git":"https://api.github.com/repos/MyEtherWallet/ethereum-lists/git/trees/92ec0da1169b354f49589e85bda078d80b1d82bd","html":"https://github.com/MyEtherWallet/ethereum-lists/tree/master/dist/contracts/rsk-test"}},{"name":"rsk","path":"dist/contracts/rsk","sha":"46aa7507628fa703ac79c08d622a79568f3ec744","size":0,"url":"https://api.github.com/repos/MyEtherWallet/ethereum-lists/contents/dist/contracts/rsk?ref=master","html_url":"https://github.com/MyEtherWallet/ethereum-lists/tree/master/dist/contracts/rsk","git_url":"https://api.github.com/repos/MyEtherWallet/ethereum-lists/git/trees/46aa7507628fa703ac79c08d622a79568f3ec744","download_url":null,"type":"dir","_links":{"self":"https://api.github.com/repos/MyEtherWallet/ethereum-lists/contents/dist/contracts/rsk?ref=master","git":"https://api.github.com/repos/MyEtherWallet/ethereum-lists/git/trees/46aa7507628fa703ac79c08d622a79568f3ec744","html":"https://github.com/MyEtherWallet/ethereum-lists/tree/master/dist/contracts/rsk"}},{"name":"tomo","path":"dist/contracts/tomo","sha":"b34b5bc3c2391d6a3130a34bd790e4a11e42b112","size":0,"url":"https://api.github.com/repos/MyEtherWallet/ethereum-lists/contents/dist/contracts/tomo?ref=master","html_url":"https://github.com/MyEtherWallet/ethereum-lists/tree/master/dist/contracts/tomo","git_url":"https://api.github.com/repos/MyEtherWallet/ethereum-lists/git/trees/b34b5bc3c2391d6a3130a34bd790e4a11e42b112","download_url":null,"type":"dir","_links":{"self":"https://api.github.com/repos/MyEtherWallet/ethereum-lists/contents/dist/contracts/tomo?ref=master","git":"https://api.github.com/repos/MyEtherWallet/ethereum-lists/git/trees/b34b5bc3c2391d6a3130a34bd790e4a11e42b112","html":"https://github.com/MyEtherWallet/ethereum-lists/tree/master/dist/contracts/tomo"}},{"name":"tt","path":"dist/contracts/tt","sha":"077466e356f953d22de32dfee306885c69596baa","size":0,"url":"https://api.github.com/repos/MyEtherWallet/ethereum-lists/contents/dist/contracts/tt?ref=master","html_url":"https://github.com/MyEtherWallet/ethereum-lists/tree/master/dist/contracts/tt","git_url":"https://api.github.com/repos/MyEtherWallet/ethereum-lists/git/trees/077466e356f953d22de32dfee306885c69596baa","download_url":null,"type":"dir","_links":{"self":"https://api.github.com/repos/MyEtherWallet/ethereum-lists/contents/dist/contracts/tt?ref=master","git":"https://api.github.com/repos/MyEtherWallet/ethereum-lists/git/trees/077466e356f953d22de32dfee306885c69596baa","html":"https://github.com/MyEtherWallet/ethereum-lists/tree/master/dist/contracts/tt"}},{"name":"ubq","path":"dist/contracts/ubq","sha":"0a4343c7b6088b9178c1f6d008dd84154410da97","size":0,"url":"https://api.github.com/repos/MyEtherWallet/ethereum-lists/contents/dist/contracts/ubq?ref=master","html_url":"https://github.com/MyEtherWallet/ethereum-lists/tree/master/dist/contracts/ubq","git_url":"https://api.github.com/repos/MyEtherWallet/ethereum-lists/git/trees/0a4343c7b6088b9178c1f6d008dd84154410da97","download_url":null,"type":"dir","_links":{"self":"https://api.github.com/repos/MyEtherWallet/ethereum-lists/contents/dist/contracts/ubq?ref=master","git":"https://api.github.com/repos/MyEtherWallet/ethereum-lists/git/trees/0a4343c7b6088b9178c1f6d008dd84154410da97","html":"https://github.com/MyEtherWallet/ethereum-lists/tree/master/dist/contracts/ubq"}}]