[{"name":"akroma","path":"dist/tokens/akroma","sha":"51bdc5a378ade4e3e3e7013d30be6b3387be1fee","size":0,"url":"https://api.github.com/repos/MyEtherWallet/ethereum-lists/contents/dist/tokens/akroma?ref=master","html_url":"https://github.com/MyEtherWallet/ethereum-lists/tree/master/dist/tokens/akroma","git_url":"https://api.github.com/repos/MyEtherWallet/ethereum-lists/git/trees/51bdc5a378ade4e3e3e7013d30be6b3387be1fee","download_url":null,"type":"dir","_links":{"self":"https://api.github.com/repos/MyEtherWallet/ethereum-lists/contents/dist/tokens/akroma?ref=master","git":"https://api.github.com/repos/MyEtherWallet/ethereum-lists/git/trees/51bdc5a378ade4e3e3e7013d30be6b3387be1fee","html":"https://github.com/MyEtherWallet/ethereum-lists/tree/master/dist/tokens/akroma"}},{"name":"ath","path":"dist/tokens/ath","sha":"4885aa41b8d0f80e7953f5e26b58edd639c391b1","size":0,"url":"https://api.github.com/repos/MyEtherWallet/ethereum-lists/contents/dist/tokens/ath?ref=master","html_url":"https://github.com/MyEtherWallet/ethereum-lists/tree/master/dist/tokens/ath","git_url":"https://api.github.com/repos/MyEtherWallet/ethereum-lists/git/trees/4885aa41b8d0f80e7953f5e26b58edd639c391b1","download_url":null,"type":"dir","_links":{"self":"https://api.github.com/repos/MyEtherWallet/ethereum-lists/contents/dist/tokens/ath?ref=master","git":"https://api.github.com/repos/MyEtherWallet/ethereum-lists/git/trees/4885aa41b8d0f80e7953f5e26b58edd639c391b1","html":"https://github.com/MyEtherWallet/ethereum-lists/tree/master/dist/tokens/ath"}},{"name":"clo","path":"dist/tokens/clo","sha":"f625abc06d8bbe5d93a7069b7dbb8713fbb12ce8","size":0,"url":"https://api.github.com/repos/MyEtherWallet/ethereum-lists/contents/dist/tokens/clo?ref=master","html_url":"https://github.com/MyEtherWallet/ethereum-lists/tree/master/dist/tokens/clo","git_url":"https://api.github.com/repos/MyEtherWallet/ethereum-lists/git/trees/f625abc06d8bbe5d93a7069b7dbb8713fbb12ce8","download_url":null,"type":"dir","_links":{"self":"https://api.github.com/repos/MyEtherWallet/ethereum-lists/contents/dist/tokens/clo?ref=master","git":"https://api.github.com/repos/MyEtherWallet/ethereum-lists/git/trees/f625abc06d8bbe5d93a7069b7dbb8713fbb12ce8","html":"https://github.com/MyEtherWallet/ethereum-lists/tree/master/dist/tokens/clo"}},{"name":"egem","path":"dist/tokens/egem","sha":"b45d1283c94379ceeb2863fbaab4b66bca65efa1","size":0,"url":"https://api.github.com/repos/MyEtherWallet/ethereum-lists/contents/dist/tokens/egem?ref=master","html_url":"https://github.com/MyEtherWallet/ethereum-lists/tree/master/dist/tokens/egem","git_url":"https://api.github.com/repos/MyEtherWallet/ethereum-lists/git/trees/b45d1283c94379ceeb2863fbaab4b66bca65efa1","download_url":null,"type":"dir","_links":{"self":"https://api.github.com/repos/MyEtherWallet/ethereum-lists/contents/dist/tokens/egem?ref=master","git":"https://api.github.com/repos/MyEtherWallet/ethereum-lists/git/trees/b45d1283c94379ceeb2863fbaab4b66bca65efa1","html":"https://github.com/MyEtherWallet/ethereum-lists/tree/master/dist/tokens/egem"}},{"name":"ella","path":"dist/tokens/ella","sha":"4fa2c1b2020f289fb8e7e18f7942cc247f98adca","size":0,"url":"https://api.github.com/repos/MyEtherWallet/ethereum-lists/contents/dist/tokens/ella?ref=master","html_url":"https://github.com/MyEtherWallet/ethereum-lists/tree/master/dist/tokens/ella","git_url":"https://api.github.com/repos/MyEtherWallet/ethereum-lists/git/trees/4fa2c1b2020f289fb8e7e18f7942cc247f98adca","download_url":null,"type":"dir","_links":{"self":"https://api.github.com/repos/MyEtherWallet/ethereum-lists/contents/dist/tokens/ella?ref=master","git":"https://api.github.com/repos/MyEtherWallet/ethereum-lists/git/trees/4fa2c1b2020f289fb8e7e18f7942cc247f98adca","html":"https://github.com/MyEtherWallet/ethereum-lists/tree/master/dist/tokens/ella"}},{"name":"ere","path":"dist/tokens/ere","sha":"d175eea4a93a08d8de5abf40c63e1f904d3af72b","size":0,"url":"https://api.github.com/repos/MyEtherWallet/ethereum-lists/contents/dist/tokens/ere?ref=master","html_url":"https://github.com/MyEtherWallet/ethereum-lists/tree/master/dist/tokens/ere","git_url":"https://api.github.com/repos/MyEtherWallet/ethereum-lists/git/trees/d175eea4a93a08d8de5abf40c63e1f904d3af72b","download_url":null,"type":"dir","_links":{"self":"https://api.github.com/repos/MyEtherWallet/ethereum-lists/contents/dist/tokens/ere?ref=master","git":"https://api.github.com/repos/MyEtherWallet/ethereum-lists/git/trees/d175eea4a93a08d8de5abf40c63e1f904d3af72b","html":"https://github.com/MyEtherWallet/ethereum-lists/tree/master/dist/tokens/ere"}},{"name":"esn","path":"dist/tokens/esn","sha":"5efa878deb1ea7e06c7321aeddfc4d055925eff0","size":0,"url":"https://api.github.com/repos/MyEtherWallet/ethereum-lists/contents/dist/tokens/esn?ref=master","html_url":"https://github.com/MyEtherWallet/ethereum-lists/tree/master/dist/tokens/esn","git_url":"https://api.github.com/repos/MyEtherWallet/ethereum-lists/git/trees/5efa878deb1ea7e06c7321aeddfc4d055925eff0","download_url":null,"type":"dir","_links":{"self":"https://api.github.com/repos/MyEtherWallet/ethereum-lists/contents/dist/tokens/esn?ref=master","git":"https://api.github.com/repos/MyEtherWallet/ethereum-lists/git/trees/5efa878deb1ea7e06c7321aeddfc4d055925eff0","html":"https://github.com/MyEtherWallet/ethereum-lists/tree/master/dist/tokens/esn"}},{"name":"etc","path":"dist/tokens/etc","sha":"edbb88d9bc2024a98f8e45bbf4a68a10b7acf049","size":0,"url":"https://api.github.com/repos/MyEtherWallet/ethereum-lists/contents/dist/tokens/etc?ref=master","html_url":"https://github.com/MyEtherWallet/ethereum-lists/tree/master/dist/tokens/etc","git_url":"https://api.github.com/repos/MyEtherWallet/ethereum-lists/git/trees/edbb88d9bc2024a98f8e45bbf4a68a10b7acf049","download_url":null,"type":"dir","_links":{"self":"https://api.github.com/repos/MyEtherWallet/ethereum-lists/contents/dist/tokens/etc?ref=master","git":"https://api.github.com/repos/MyEtherWallet/ethereum-lists/git/trees/edbb88d9bc2024a98f8e45bbf4a68a10b7acf049","html":"https://github.com/MyEtherWallet/ethereum-lists/tree/master/dist/tokens/etc"}},{"name":"eth","path":"dist/tokens/eth","sha":"685d70c7d6dfb15624f2c7e137bd3e43511be399","size":0,"url":"https://api.github.com/repos/MyEtherWallet/ethereum-lists/contents/dist/tokens/eth?ref=master","html_url":"https://github.com/MyEtherWallet/ethereum-lists/tree/master/dist/tokens/eth","git_url":"https://api.github.com/repos/MyEtherWallet/ethereum-lists/git/trees/685d70c7d6dfb15624f2c7e137bd3e43511be399","download_url":null,"type":"dir","_links":{"self":"https://api.github.com/repos/MyEtherWallet/ethereum-lists/contents/dist/tokens/eth?ref=master","git":"https://api.github.com/repos/MyEtherWallet/ethereum-lists/git/trees/685d70c7d6dfb15624f2c7e137bd3e43511be399","html":"https://github.com/MyEtherWallet/ethereum-lists/tree/master/dist/tokens/eth"}},{"name":"etho","path":"dist/tokens/etho","sha":"0bb3453a49dab07ad85a91d6b1b7da4a48335ad5","size":0,"url":"https://api.github.com/repos/MyEtherWallet/ethereum-lists/contents/dist/tokens/etho?ref=master","html_url":"https://github.com/MyEtherWallet/ethereum-lists/tree/master/dist/tokens/etho","git_url":"https://api.github.com/repos/MyEtherWallet/ethereum-lists/git/trees/0bb3453a49dab07ad85a91d6b1b7da4a48335ad5","download_url":null,"type":"dir","_links":{"self":"https://api.github.com/repos/MyEtherWallet/ethereum-lists/contents/dist/tokens/etho?ref=master","git":"https://api.github.com/repos/MyEtherWallet/ethereum-lists/git/trees/0bb3453a49dab07ad85a91d6b1b7da4a48335ad5","html":"https://github.com/MyEtherWallet/ethereum-lists/tree/master/dist/tokens/etho"}},{"name":"etsc","path":"dist/tokens/etsc","sha":"ed8a60f850a10f49b711c38781f3ec9226d6f31e","size":0,"url":"https://api.github.com/repos/MyEtherWallet/ethereum-lists/contents/dist/tokens/etsc?ref=master","html_url":"https://github.com/MyEtherWallet/ethereum-lists/tree/master/dist/tokens/etsc","git_url":"https://api.github.com/repos/MyEtherWallet/ethereum-lists/git/trees/ed8a60f850a10f49b711c38781f3ec9226d6f31e","download_url":null,"type":"dir","_links":{"self":"https://api.github.com/repos/MyEtherWallet/ethereum-lists/contents/dist/tokens/etsc?ref=master","git":"https://api.github.com/repos/MyEtherWallet/ethereum-lists/git/trees/ed8a60f850a10f49b711c38781f3ec9226d6f31e","html":"https://github.com/MyEtherWallet/ethereum-lists/tree/master/dist/tokens/etsc"}},{"name":"ewt","path":"dist/tokens/ewt","sha":"ce0eee740fb12b39196168a063da14a1da74d57c","size":0,"url":"https://api.github.com/repos/MyEtherWallet/ethereum-lists/contents/dist/tokens/ewt?ref=master","html_url":"https://github.com/MyEtherWallet/ethereum-lists/tree/master/dist/tokens/ewt","git_url":"https://api.github.com/repos/MyEtherWallet/ethereum-lists/git/trees/ce0eee740fb12b39196168a063da14a1da74d57c","download_url":null,"type":"dir","_links":{"self":"https://api.github.com/repos/MyEtherWallet/ethereum-lists/contents/dist/tokens/ewt?ref=master","git":"https://api.github.com/repos/MyEtherWallet/ethereum-lists/git/trees/ce0eee740fb12b39196168a063da14a1da74d57c","html":"https://github.com/MyEtherWallet/ethereum-lists/tree/master/dist/tokens/ewt"}},{"name":"exp","path":"dist/tokens/exp","sha":"67362eecc24f95889649a96dc83881b0b32a4756","size":0,"url":"https://api.github.com/repos/MyEtherWallet/ethereum-lists/contents/dist/tokens/exp?ref=master","html_url":"https://github.com/MyEtherWallet/ethereum-lists/tree/master/dist/tokens/exp","git_url":"https://api.github.com/repos/MyEtherWallet/ethereum-lists/git/trees/67362eecc24f95889649a96dc83881b0b32a4756","download_url":null,"type":"dir","_links":{"self":"https://api.github.com/repos/MyEtherWallet/ethereum-lists/contents/dist/tokens/exp?ref=master","git":"https://api.github.com/repos/MyEtherWallet/ethereum-lists/git/trees/67362eecc24f95889649a96dc83881b0b32a4756","html":"https://github.com/MyEtherWallet/ethereum-lists/tree/master/dist/tokens/exp"}},{"name":"go","path":"dist/tokens/go","sha":"26b0885c3e446920b215588d28f52cf875357ee6","size":0,"url":"https://api.github.com/repos/MyEtherWallet/ethereum-lists/contents/dist/tokens/go?ref=master","html_url":"https://github.com/MyEtherWallet/ethereum-lists/tree/master/dist/tokens/go","git_url":"https://api.github.com/repos/MyEtherWallet/ethereum-lists/git/trees/26b0885c3e446920b215588d28f52cf875357ee6","download_url":null,"type":"dir","_links":{"self":"https://api.github.com/repos/MyEtherWallet/ethereum-lists/contents/dist/tokens/go?ref=master","git":"https://api.github.com/repos/MyEtherWallet/ethereum-lists/git/trees/26b0885c3e446920b215588d28f52cf875357ee6","html":"https://github.com/MyEtherWallet/ethereum-lists/tree/master/dist/tokens/go"}},{"name":"goerli","path":"dist/tokens/goerli","sha":"85669bc3bde904a6b9e127e659e4f88acbf7e11d","size":0,"url":"https://api.github.com/repos/MyEtherWallet/ethereum-lists/contents/dist/tokens/goerli?ref=master","html_url":"https://github.com/MyEtherWallet/ethereum-lists/tree/master/dist/tokens/goerli","git_url":"https://api.github.com/repos/MyEtherWallet/ethereum-lists/git/trees/85669bc3bde904a6b9e127e659e4f88acbf7e11d","download_url":null,"type":"dir","_links":{"self":"https://api.github.com/repos/MyEtherWallet/ethereum-lists/contents/dist/tokens/goerli?ref=master","git":"https://api.github.com/repos/MyEtherWallet/ethereum-lists/git/trees/85669bc3bde904a6b9e127e659e4f88acbf7e11d","html":"https://github.com/MyEtherWallet/ethereum-lists/tree/master/dist/tokens/goerli"}},{"name":"iolite","path":"dist/tokens/iolite","sha":"84b98ed7000cc5d02423f5f2afe2074b2a02173d","size":0,"url":"https://api.github.com/repos/MyEtherWallet/ethereum-lists/contents/dist/tokens/iolite?ref=master","html_url":"https://github.com/MyEtherWallet/ethereum-lists/tree/master/dist/tokens/iolite","git_url":"https://api.github.com/repos/MyEtherWallet/ethereum-lists/git/trees/84b98ed7000cc5d02423f5f2afe2074b2a02173d","download_url":null,"type":"dir","_links":{"self":"https://api.github.com/repos/MyEtherWallet/ethereum-lists/contents/dist/tokens/iolite?ref=master","git":"https://api.github.com/repos/MyEtherWallet/ethereum-lists/git/trees/84b98ed7000cc5d02423f5f2afe2074b2a02173d","html":"https://github.com/MyEtherWallet/ethereum-lists/tree/master/dist/tokens/iolite"}},{"name":"kov","path":"dist/tokens/kov","sha":"463cddb63645ffed85cea042534bf45039010820","size":0,"url":"https://api.github.com/repos/MyEtherWallet/ethereum-lists/contents/dist/tokens/kov?ref=master","html_url":"https://github.com/MyEtherWallet/ethereum-lists/tree/master/dist/tokens/kov","git_url":"https://api.github.com/repos/MyEtherWallet/ethereum-lists/git/trees/463cddb63645ffed85cea042534bf45039010820","download_url":null,"type":"dir","_links":{"self":"https://api.github.com/repos/MyEtherWallet/ethereum-lists/contents/dist/tokens/kov?ref=master","git":"https://api.github.com/repos/MyEtherWallet/ethereum-lists/git/trees/463cddb63645ffed85cea042534bf45039010820","html":"https://github.com/MyEtherWallet/ethereum-lists/tree/master/dist/tokens/kov"}},{"name":"mintme","path":"dist/tokens/mintme","sha":"80ee9b81b9d7fddfb16bc95ab314f5bddf5bc73e","size":0,"url":"https://api.github.com/repos/MyEtherWallet/ethereum-lists/contents/dist/tokens/mintme?ref=master","html_url":"https://github.com/MyEtherWallet/ethereum-lists/tree/master/dist/tokens/mintme","git_url":"https://api.github.com/repos/MyEtherWallet/ethereum-lists/git/trees/80ee9b81b9d7fddfb16bc95ab314f5bddf5bc73e","download_url":null,"type":"dir","_links":{"self":"https://api.github.com/repos/MyEtherWallet/ethereum-lists/contents/dist/tokens/mintme?ref=master","git":"https://api.github.com/repos/MyEtherWallet/ethereum-lists/git/trees/80ee9b81b9d7fddfb16bc95ab314f5bddf5bc73e","html":"https://github.com/MyEtherWallet/ethereum-lists/tree/master/dist/tokens/mintme"}},{"name":"mix","path":"dist/tokens/mix","sha":"23b41c3c94d79c2064b3f593979201a2395dfe13","size":0,"url":"https://api.github.com/repos/MyEtherWallet/ethereum-lists/contents/dist/tokens/mix?ref=master","html_url":"https://github.com/MyEtherWallet/ethereum-lists/tree/master/dist/tokens/mix","git_url":"https://api.github.com/repos/MyEtherWallet/ethereum-lists/git/trees/23b41c3c94d79c2064b3f593979201a2395dfe13","download_url":null,"type":"dir","_links":{"self":"https://api.github.com/repos/MyEtherWallet/ethereum-lists/contents/dist/tokens/mix?ref=master","git":"https://api.github.com/repos/MyEtherWallet/ethereum-lists/git/trees/23b41c3c94d79c2064b3f593979201a2395dfe13","html":"https://github.com/MyEtherWallet/ethereum-lists/tree/master/dist/tokens/mix"}},{"name":"music","path":"dist/tokens/music","sha":"cda204a81d684c1c89aed6d1af08c4e51f2e480c","size":0,"url":"https://api.github.com/repos/MyEtherWallet/ethereum-lists/contents/dist/tokens/music?ref=master","html_url":"https://github.com/MyEtherWallet/ethereum-lists/tree/master/dist/tokens/music","git_url":"https://api.github.com/repos/MyEtherWallet/ethereum-lists/git/trees/cda204a81d684c1c89aed6d1af08c4e51f2e480c","download_url":null,"type":"dir","_links":{"self":"https://api.github.com/repos/MyEtherWallet/ethereum-lists/contents/dist/tokens/music?ref=master","git":"https://api.github.com/repos/MyEtherWallet/ethereum-lists/git/trees/cda204a81d684c1c89aed6d1af08c4e51f2e480c","html":"https://github.com/MyEtherWallet/ethereum-lists/tree/master/dist/tokens/music"}},{"name":"pirl","path":"dist/tokens/pirl","sha":"a8564c8701e3d877572ae63867f2ca0bd8128311","size":0,"url":"https://api.github.com/repos/MyEtherWallet/ethereum-lists/contents/dist/tokens/pirl?ref=master","html_url":"https://github.com/MyEtherWallet/ethereum-lists/tree/master/dist/tokens/pirl","git_url":"https://api.github.com/repos/MyEtherWallet/ethereum-lists/git/trees/a8564c8701e3d877572ae63867f2ca0bd8128311","download_url":null,"type":"dir","_links":{"self":"https://api.github.com/repos/MyEtherWallet/ethereum-lists/contents/dist/tokens/pirl?ref=master","git":"https://api.github.com/repos/MyEtherWallet/ethereum-lists/git/trees/a8564c8701e3d877572ae63867f2ca0bd8128311","html":"https://github.com/MyEtherWallet/ethereum-lists/tree/master/dist/tokens/pirl"}},{"name":"poa","path":"dist/tokens/poa","sha":"2699f2264de443cf69f683be2f2e4f945b021cea","size":0,"url":"https://api.github.com/repos/MyEtherWallet/ethereum-lists/contents/dist/tokens/poa?ref=master","html_url":"https://github.com/MyEtherWallet/ethereum-lists/tree/master/dist/tokens/poa","git_url":"https://api.github.com/repos/MyEtherWallet/ethereum-lists/git/trees/2699f2264de443cf69f683be2f2e4f945b021cea","download_url":null,"type":"dir","_links":{"self":"https://api.github.com/repos/MyEtherWallet/ethereum-lists/contents/dist/tokens/poa?ref=master","git":"https://api.github.com/repos/MyEtherWallet/ethereum-lists/git/trees/2699f2264de443cf69f683be2f2e4f945b021cea","html":"https://github.com/MyEtherWallet/ethereum-lists/tree/master/dist/tokens/poa"}},{"name":"reosc","path":"dist/tokens/reosc","sha":"4936eba7d14d4a7367ebd1c8a962fbe6902493d5","size":0,"url":"https://api.github.com/repos/MyEtherWallet/ethereum-lists/contents/dist/tokens/reosc?ref=master","html_url":"https://github.com/MyEtherWallet/ethereum-lists/tree/master/dist/tokens/reosc","git_url":"https://api.github.com/repos/MyEtherWallet/ethereum-lists/git/trees/4936eba7d14d4a7367ebd1c8a962fbe6902493d5","download_url":null,"type":"dir","_links":{"self":"https://api.github.com/repos/MyEtherWallet/ethereum-lists/contents/dist/tokens/reosc?ref=master","git":"https://api.github.com/repos/MyEtherWallet/ethereum-lists/git/trees/4936eba7d14d4a7367ebd1c8a962fbe6902493d5","html":"https://github.com/MyEtherWallet/ethereum-lists/tree/master/dist/tokens/reosc"}},{"name":"rin","path":"dist/tokens/rin","sha":"f081aaa2efdd1135c0a30cc5f2fe56f64ceff508","size":0,"url":"https://api.github.com/repos/MyEtherWallet/ethereum-lists/contents/dist/tokens/rin?ref=master","html_url":"https://github.com/MyEtherWallet/ethereum-lists/tree/master/dist/tokens/rin","git_url":"https://api.github.com/repos/MyEtherWallet/ethereum-lists/git/trees/f081aaa2efdd1135c0a30cc5f2fe56f64ceff508","download_url":null,"type":"dir","_links":{"self":"https://api.github.com/repos/MyEtherWallet/ethereum-lists/contents/dist/tokens/rin?ref=master","git":"https://api.github.com/repos/MyEtherWallet/ethereum-lists/git/trees/f081aaa2efdd1135c0a30cc5f2fe56f64ceff508","html":"https://github.com/MyEtherWallet/ethereum-lists/tree/master/dist/tokens/rin"}},{"name":"rop","path":"dist/tokens/rop","sha":"5ca78f6d5916e74a5a1d60b7d8560653f824d198","size":0,"url":"https://api.github.com/repos/MyEtherWallet/ethereum-lists/contents/dist/tokens/rop?ref=master","html_url":"https://github.com/MyEtherWallet/ethereum-lists/tree/master/dist/tokens/rop","git_url":"https://api.github.com/repos/MyEtherWallet/ethereum-lists/git/trees/5ca78f6d5916e74a5a1d60b7d8560653f824d198","download_url":null,"type":"dir","_links":{"self":"https://api.github.com/repos/MyEtherWallet/ethereum-lists/contents/dist/tokens/rop?ref=master","git":"https://api.github.com/repos/MyEtherWallet/ethereum-lists/git/trees/5ca78f6d5916e74a5a1d60b7d8560653f824d198","html":"https://github.com/MyEtherWallet/ethereum-lists/tree/master/dist/tokens/rop"}},{"name":"rsk-test","path":"dist/tokens/rsk-test","sha":"148e116cd3629be37d1eee47ab626afcced1664c","size":0,"url":"https://api.github.com/repos/MyEtherWallet/ethereum-lists/contents/dist/tokens/rsk-test?ref=master","html_url":"https://github.com/MyEtherWallet/ethereum-lists/tree/master/dist/tokens/rsk-test","git_url":"https://api.github.com/repos/MyEtherWallet/ethereum-lists/git/trees/148e116cd3629be37d1eee47ab626afcced1664c","download_url":null,"type":"dir","_links":{"self":"https://api.github.com/repos/MyEtherWallet/ethereum-lists/contents/dist/tokens/rsk-test?ref=master","git":"https://api.github.com/repos/MyEtherWallet/ethereum-lists/git/trees/148e116cd3629be37d1eee47ab626afcced1664c","html":"https://github.com/MyEtherWallet/ethereum-lists/tree/master/dist/tokens/rsk-test"}},{"name":"rsk","path":"dist/tokens/rsk","sha":"103e3e06d6f8811ab05bd5a7a211cbeefef7a763","size":0,"url":"https://api.github.com/repos/MyEtherWallet/ethereum-lists/contents/dist/tokens/rsk?ref=master","html_url":"https://github.com/MyEtherWallet/ethereum-lists/tree/master/dist/tokens/rsk","git_url":"https://api.github.com/repos/MyEtherWallet/ethereum-lists/git/trees/103e3e06d6f8811ab05bd5a7a211cbeefef7a763","download_url":null,"type":"dir","_links":{"self":"https://api.github.com/repos/MyEtherWallet/ethereum-lists/contents/dist/tokens/rsk?ref=master","git":"https://api.github.com/repos/MyEtherWallet/ethereum-lists/git/trees/103e3e06d6f8811ab05bd5a7a211cbeefef7a763","html":"https://github.com/MyEtherWallet/ethereum-lists/tree/master/dist/tokens/rsk"}},{"name":"tomo","path":"dist/tokens/tomo","sha":"818844af604ff6d6fc693f4911dfaa8019e9fd6b","size":0,"url":"https://api.github.com/repos/MyEtherWallet/ethereum-lists/contents/dist/tokens/tomo?ref=master","html_url":"https://github.com/MyEtherWallet/ethereum-lists/tree/master/dist/tokens/tomo","git_url":"https://api.github.com/repos/MyEtherWallet/ethereum-lists/git/trees/818844af604ff6d6fc693f4911dfaa8019e9fd6b","download_url":null,"type":"dir","_links":{"self":"https://api.github.com/repos/MyEtherWallet/ethereum-lists/contents/dist/tokens/tomo?ref=master","git":"https://api.github.com/repos/MyEtherWallet/ethereum-lists/git/trees/818844af604ff6d6fc693f4911dfaa8019e9fd6b","html":"https://github.com/MyEtherWallet/ethereum-lists/tree/master/dist/tokens/tomo"}},{"name":"tt","path":"dist/tokens/tt","sha":"09323fb003ae245f5a0bdbb8ba059c805664926e","size":0,"url":"https://api.github.com/repos/MyEtherWallet/ethereum-lists/contents/dist/tokens/tt?ref=master","html_url":"https://github.com/MyEtherWallet/ethereum-lists/tree/master/dist/tokens/tt","git_url":"https://api.github.com/repos/MyEtherWallet/ethereum-lists/git/trees/09323fb003ae245f5a0bdbb8ba059c805664926e","download_url":null,"type":"dir","_links":{"self":"https://api.github.com/repos/MyEtherWallet/ethereum-lists/contents/dist/tokens/tt?ref=master","git":"https://api.github.com/repos/MyEtherWallet/ethereum-lists/git/trees/09323fb003ae245f5a0bdbb8ba059c805664926e","html":"https://github.com/MyEtherWallet/ethereum-lists/tree/master/dist/tokens/tt"}},{"name":"ubq","path":"dist/tokens/ubq","sha":"2434efc7952181979d2de69ed5f2ebc5529d307d","size":0,"url":"https://api.github.com/repos/MyEtherWallet/ethereum-lists/contents/dist/tokens/ubq?ref=master","html_url":"https://github.com/MyEtherWallet/ethereum-lists/tree/master/dist/tokens/ubq","git_url":"https://api.github.com/repos/MyEtherWallet/ethereum-lists/git/trees/2434efc7952181979d2de69ed5f2ebc5529d307d","download_url":null,"type":"dir","_links":{"self":"https://api.github.com/repos/MyEtherWallet/ethereum-lists/contents/dist/tokens/ubq?ref=master","git":"https://api.github.com/repos/MyEtherWallet/ethereum-lists/git/trees/2434efc7952181979d2de69ed5f2ebc5529d307d","html":"https://github.com/MyEtherWallet/ethereum-lists/tree/master/dist/tokens/ubq"}}]